BirthDate,FamilyName,GivenNames,HireDate,IdentityUserId
1987-08-06,Holmes,Rebecca,2009-12-29,rholmes0@elegantthemes.com
1991-09-04,Tucker,Harold,2014-02-05,htucker1@dailymail.co.uk
1979-10-21,Barnes,Lois,2009-11-27,lbarnes2@smh.com.au
1987-04-17,Perry,Cynthia,2011-05-02,cperry3@jigsy.com
1980-08-23,Hawkins,Kathleen,2011-02-28,khawkins4@google.com.au
1978-01-06,Duncan,Kelly,2012-05-21,kduncan5@geocities.com
1994-01-07,Meyer,Dorothy,2010-11-27,dmeyer6@harvard.edu
1986-12-23,Foster,Howard,2009-06-14,hfoster7@so-net.ne.jp
1980-06-15,Bradley,Anthony,2012-05-06,abradley8@so-net.ne.jp
1987-05-12,Gutierrez,Dennis,2010-06-01,dgutierrez9@apache.org
1981-09-05,Chavez,Nicholas,2011-03-14,nchaveza@seesaa.net
1994-10-23,Price,Marie,2010-12-19,mpriceb@yale.edu
1980-12-12,Baker,Stephanie,2012-11-27,sbakerc@free.fr
1985-03-05,Diaz,Douglas,2013-04-01,ddiazd@wufoo.com
1978-07-21,Lane,Irene,2010-07-10,ilanee@goo.gl
1991-02-25,Burke,Robert,2009-09-08,rburkef@symantec.com
1989-09-03,Fuller,Frances,2011-09-07,ffullerg@paypal.com
1985-09-10,Garcia,Eugene,2009-08-10,egarciah@trellian.com
1993-04-19,Ellis,Ernest,2010-05-28,eellisi@dmoz.org
1976-10-05,Cruz,Christina,2010-02-14,ccruzj@google.es
1977-09-02,Mason,Sarah,2011-11-27,smasonk@bluehost.com
1991-07-14,Hanson,Randy,2010-03-10,rhansonl@a8.net
1991-11-04,Reynolds,Rebecca,2013-06-03,rreynoldsm@buzzfeed.com
1976-09-03,Hansen,Lawrence,2011-05-30,lhansenn@ebay.com
1994-06-26,Nguyen,Amanda,2013-02-09,anguyeno@sina.com.cn
1986-11-29,Matthews,Linda,2011-01-06,lmatthewsp@pcworld.com
1985-10-11,Gardner,Ruby,2010-04-01,rgardnerq@cbslocal.com
1983-12-09,Fisher,Janet,2009-08-30,jfisherr@paypal.com
1990-08-04,Stewart,Michael,2011-03-28,mstewarts@facebook.com
1987-06-20,Hunt,Lois,2012-02-04,lhuntt@deviantart.com
1985-09-03,Palmer,Janet,2013-06-21,jpalmeru@privacy.gov.au
1986-12-16,Mccoy,Jacqueline,2011-02-17,jmccoyv@lulu.com
1992-06-06,Simmons,Paul,2010-06-23,psimmonsw@instagram.com
1979-11-19,Ellis,Ruth,2010-09-07,rellisx@indiatimes.com
1980-09-19,Williams,Christine,2014-01-19,cwilliamsy@google.fr
1990-12-21,Hayes,Charles,2011-03-18,chayesz@usatoday.com
1987-04-14,Harper,Andrea,2011-04-07,aharper10@spiegel.de
1983-09-08,Willis,Harold,2009-10-05,hwillis11@google.nl
1992-07-05,Morgan,Diane,2009-04-08,dmorgan12@example.com
1994-12-12,Young,Debra,2009-07-04,dyoung13@merriam-webster.com
1994-05-16,Bennett,Ruby,2009-04-03,rbennett14@hc360.com
1994-02-21,Rivera,Eugene,2010-11-01,erivera15@mac.com
1979-04-24,Oliver,Jason,2011-03-03,joliver16@comcast.net
1987-10-20,Green,Antonio,2012-08-17,agreen17@nymag.com
1983-12-09,Willis,Norma,2010-10-22,nwillis18@digg.com
1982-02-25,Ross,Nancy,2011-07-17,nross19@omniture.com
1991-07-25,Adams,Stephanie,2009-10-23,sadams1a@newyorker.com
1976-08-26,Ramos,Wayne,2013-11-26,wramos1b@clickbank.net
1987-06-17,James,Margaret,2013-12-04,mjames1c@usgs.gov
1985-08-01,Peters,Larry,2011-02-25,lpeters1d@last.fm
1987-04-19,Elliott,Juan,2011-12-05,jelliott1e@dion.ne.jp
1977-03-10,Mendoza,Terry,2011-10-10,tmendoza1f@examiner.com
1980-10-08,Alvarez,Louise,2009-09-27,lalvarez1g@marriott.com
1993-05-12,Bailey,Karen,2012-06-13,kbailey1h@baidu.com
1979-01-15,Payne,Alan,2013-12-21,apayne1i@posterous.com
1986-10-20,Murray,Donald,2009-05-14,dmurray1j@prnewswire.com
1988-09-18,Henderson,Jessica,2009-04-05,jhenderson1k@mapy.cz
1983-03-19,Martinez,Ruth,2009-07-19,rmartinez1l@4shared.com
1977-07-11,Thompson,Anna,2010-03-17,athompson1m@rambler.ru
1978-08-28,Kelley,Steve,2011-09-12,skelley1n@infoseek.co.jp
1986-07-29,Reid,Keith,2012-03-06,kreid1o@psu.edu
1977-04-09,Hunter,Irene,2012-04-27,ihunter1p@ocn.ne.jp
1988-07-12,Scott,Marie,2010-06-15,mscott1q@hc360.com
1982-04-06,Mendoza,Karen,2011-08-29,kmendoza1r@tumblr.com
1979-02-14,Rice,Nicholas,2012-08-17,nrice1s@diigo.com
1989-10-12,Rose,Alice,2009-09-08,arose1t@craigslist.org
1978-01-29,Bishop,Paula,2011-04-11,pbishop1u@howstuffworks.com
1979-11-26,White,George,2009-04-25,gwhite1v@mayoclinic.com
1993-04-05,Walker,Tammy,2009-06-03,twalker1w@bloglovin.com
1982-07-19,Garza,Anne,2009-08-01,agarza1x@ameblo.jp
1982-02-09,Powell,Timothy,2012-12-23,tpowell1y@bandcamp.com
1994-11-14,Myers,Beverly,2014-03-21,bmyers1z@chicagotribune.com
1986-05-09,Fernandez,Philip,2011-01-28,pfernandez20@unblog.fr
1985-07-03,Hicks,Todd,2011-01-03,thicks21@miibeian.gov.cn
1992-05-30,Peterson,George,2011-06-16,gpeterson22@weebly.com
1982-05-29,Garcia,David,2010-07-22,dgarcia23@bigcartel.com
1978-11-20,Jones,Roger,2011-06-13,rjones24@cnn.com
1979-04-04,Woods,Charles,2009-06-16,cwoods25@whitehouse.gov
1985-07-21,Riley,Helen,2012-08-17,hriley26@topsy.com
1981-06-27,Richards,Sara,2011-09-30,srichards27@jigsy.com
1985-05-03,Scott,Lois,2013-10-26,lscott28@github.io
1983-10-29,Cruz,Christopher,2011-03-02,ccruz29@dion.ne.jp
1994-05-05,Sims,Louis,2010-04-18,lsims2a@taobao.com
1978-05-13,Porter,Linda,2013-04-21,lporter2b@hubpages.com
1978-09-25,Burton,Joe,2011-05-04,jburton2c@tinypic.com
1989-06-12,Fowler,Frances,2009-09-11,ffowler2d@cdc.gov
1990-01-17,Long,Lois,2013-10-15,llong2e@fda.gov
1993-01-07,Stephens,Thomas,2010-02-25,tstephens2f@patch.com
1978-01-01,Spencer,Lori,2013-06-02,lspencer2g@statcounter.com
1987-03-18,Pierce,Wayne,2009-04-23,wpierce2h@mayoclinic.com
1988-01-15,Flores,Stephanie,2010-04-11,sflores2i@netlog.com
1978-05-21,Henry,Raymond,2010-04-06,rhenry2j@dailymotion.com
1986-04-16,Simpson,Robert,2011-04-14,rsimpson2k@nationalgeographic.com
1989-06-20,Marshall,Heather,2012-03-19,hmarshall2l@aol.com
1982-06-04,Morrison,Susan,2011-05-31,smorrison2m@shareasale.com
1995-03-07,Richards,Russell,2013-07-01,rrichards2n@msn.com
1988-09-28,Cox,Patrick,2009-11-26,pcox2o@wikia.com
1994-06-03,Lee,Fred,2010-12-20,flee2p@comsenz.com
1991-04-19,Medina,Stephanie,2012-09-16,smedina2q@stumbleupon.com
1987-06-30,Little,John,2014-03-05,jlittle2r@google.nl